ID,CATEGORIA,DESCRICAO_DA_CATEGORIA,REQUISITO,PERGUNTA_REQUISITO,DESCRICAO_DO_REQUISITO,COMO_AVALIAR,DOCUMENTACAO_NECESSARIA,INFORMACOES_COMPLEMENTARES,OBSERVACOES,EXEMPLOS,PONTOS,COR
01,GESTÃO SUSTENTÁVEL DAS ÁGUAS,"Esta categoria tem por objetivo reduzir e tornar racional o uso das águas na edificação, sendo composta por 12 requisitos.",REQUISITO 01,As torneiras da sua residência/empresa têm um dispositivo especial que economiza água?,"Uso de equipamentos economizadores de água: torneiras com arejador ou spray em 90% dos pontos da área privativa da edificação e com temporizadores em 90% dos pontos das áreas comuns da edificação (excluídas as torneiras situadas nos jardins e garagens, para irrigação/rega e limpeza).","Verificar a quantidade de pontos de utilização de água na edificação (excluindo vasos sanitários, pontos para duchas higiênicas, chuveiros e torneiras situadas em jardins e garagens com a finalidade de irrigação/rega e limpeza) em banheiros, lavabos, cozinhas, áreas de serviço e outros ambientes similares, tanto os privativos quanto os existentes em áreas comuns. Nesses pontos, verificar se foram instalados os componentes economizadores demandados no requisito, atendendo, no mínimo, 90% dos pontos de utilização de água na edificação.","Projeto arquitetônico, projeto hidrossanitário com indicadores marcando os pontos de utilização de água (observando as exclusões citadas), especificação dos equipamentos, evidência fotográfica, nota fiscal de compra e declaração da construtora ou responsável técnico da aplicação dos dispositivos de acordo com o projeto. Fornecer um quadro resumo, apresentando o número total de pontos de utilização de água e os que efetivamente atendem o requisito.
",[null],[null],[null],004,0c7cbaff
02,GESTÃO SUSTENTÁVEL DAS ÁGUAS,"Esta categoria tem por objetivo reduzir e tornar racional o uso das águas na edificação, sendo composta por 12 requisitos.",REQUISITO 02,"Os chuveiros da sua residência/empresa têm um limite de água por minuto? E se forem chuveiros elétricos, eles têm algum dispositivo de segurança?","Uso de chuveiros com até 8 litros/min de vazão em 90% dos pontos de utilização da edificação. No caso de chuveiro elétrico o mesmo também deverá ter resistência blindada, compatível com o emprego de DR (Dispositivo Diferencial Residual). ","Verificar a quantidade de pontos de chuveiros nos banheiros e outros ambientes similares. Nesses pontos, verificar se foram instalados os chuveiros do tipo sugerido no requisito, em no mínimo, 90% dos pontos.","Projeto arquitetônico, projeto hidrossanitário com indicadores marcando os pontos de utilização de água em chuveiro, especificação dos equipamentos, evidência fotográfica e declaração da construtora ou responsável técnico da aplicação dos dispositivos de acordo com o projeto. Fornecer um quadro resumo, apresentando o número total de pontos para chuveiros e os que efetivamente atendem ao requisito.",[null],[null],[null],006,0c7cbaff
03,GESTÃO SUSTENTÁVEL DAS ÁGUAS,"Esta categoria tem por objetivo reduzir e tornar racional o uso das águas na edificação, sendo composta por 12 requisitos.",REQUISITO 03,As descargas dos vasos sanitários da sua residência/empresa têm algum sistema que economiza água em 60% dos pontos?,Uso de descargas de vasos sanitários de comando duplo ou comando único com volume reduzido de 4.8 litros em 60% dos pontos,"Verificar a quantidade de vasos sanitários em banheiros e lavabos. Verificar se foram especificadas descargas de comando duplo ou comando único com volume reduzido de 4,8 litros para 60% dos vasos sanitários.","Projeto arquitetônico, projeto hidrossanitário, especificação dos vasos sanitários e evidência fotográfica. Fornecer um quadro resumo, apresentando o número total de vasos sanitários e os que efetivamente atendem o requisito.",[null],[null],[null],003,0c7cbaff
04,GESTÃO SUSTENTÁVEL DAS ÁGUAS,"Esta categoria tem por objetivo reduzir e tornar racional o uso das águas na edificação, sendo composta por 12 requisitos.",REQUISITO 03A,As descargas dos vasos sanitários da sua residência/empresa têm algum sistema que economiza água em 100% dos pontos?,Uso de descargas de vasos sanitários de comando duplo ou comando único com volume reduzido de 4.8 litros em 100% dos pontos. Requisito válido apenas para Retrofit Verde.,"Verificar a quantidade de vasos sanitários em banheiros e lavabos. Verificar se foram especificadas descargas de comando duplo ou comando único com volume reduzido de 4,8 litros para 100% dos vasos sanitários.","Projeto arquitetônico, projeto hidrossanitário, especificação dos vasos sanitários e evidência fotográfica. Fornecer um quadro resumo, apresentando o número total de vasos sanitários e os que efetivamente atendem o requisito.",[null],[null],[null],014,0c7cbaff
05,GESTÃO SUSTENTÁVEL DAS ÁGUAS,"Esta categoria tem por objetivo reduzir e tornar racional o uso das águas na edificação, sendo composta por 12 requisitos.",REQUISITO 04,"Na sua residência/empresa, os medidores de água são individuais ou são compartilhados com outros apartamentos?","Individualização dos medidores de consumo de água fria e quente (quando tiver sistema de aquecimento central de água) nas edificações multifamiliares, comerciais, institucionais e mistas.","Verificar a existência de medidores individuais de água fria e de água quente instalados em cada apartamento de edificações multifamiliares e em cada sala de edificações comerciais, institucionais e mistas. O medidor de água quente só é exigido quando há sistema de aquecimento central de água com partilhado por duas ou mais unidades autônomas.","Projeto hidrossanitário, fotografia e outro documento que com prove a instalação dos medidores individuais.",[null],[null],[null],002,0c7cbaff
06,GESTÃO SUSTENTÁVEL DAS ÁGUAS,"Esta categoria tem por objetivo reduzir e tornar racional o uso das águas na edificação, sendo composta por 12 requisitos.",REQUISITO 04A,-,"Individualização dos medidores de consumo de água fria e quente, quando tiver sistema de aquecimento central de água, nas edificações multifamiliares, comerciais, institucionais e mistas. Deve ser utilizado hidrômetro com previsão para medição remota. Este requisito é válido apenas para Retro fit Verde.","Verificar a existência de medidores individuais de água fria e de água quente instalados em cada apartamento de edificações multifamiliares e em cada sala de edificações comerciais, institucionais e mistas. O medidor de água quente só é exigido quando há sistema de aquecimento central de água compartilhado por duas ou mais unidades autônomas.","Projeto hidrossanitário, evidência fotográfica e declaração do instalador dos dispositivos de acordo com o projeto. Fornecer um quadro resumo, apresentando o número total de unidades consumidoras.",[null],[null],[null],016,0c7cbaff
07,GESTÃO SUSTENTÁVEL DAS ÁGUAS,"Esta categoria tem por objetivo reduzir e tornar racional o uso das águas na edificação, sendo composta por 12 requisitos.",REQUISITO 05,A água usada nos lavatórios e chuveiros da sua residência/empresa é reaproveitada para alguma outra finalidade?,"Sistemas de reuso de no mínimo 90% das águas cinzas, oriundas dos lavatórios e boxes de chuveiros da edificação: sistema independente constituído de tratamento com desinfecção, reservação e distribuição para os vasos sanitários das áreas comuns.","Verificar se há sistema de reúso de no mínimo 90% de águas cinzas para descarga dos vasos sanitários das áreas comuns, de forma que atenda o requisito.","Projeto hidrossanitário, declaração do projetista que comprove a previsão para utilização do reúso das águas cinzas para as descargas dos vasos sanitários das áreas comuns, conforme especificado no requisito. Para a certificação final também deve ser apresentada a declaração de responsabilidade técnica do profissional responsável pela instalação do sistema, atestando ter executado de acordo com o projeto apresentado. Além disso, fornecer um quadro resumo apresentando o número total de vasos sanitários e os que efetivamente atendem o requisito, além dos pontos de contribuição.",[null],[null],[null],010,0c7cbaff
08,GESTÃO SUSTENTÁVEL DAS ÁGUAS,"Esta categoria tem por objetivo reduzir e tornar racional o uso das águas na edificação, sendo composta por 12 requisitos.",REQUISITO 05A,-,"Sistemas de reuso de no mínimo 90% das águas cinzas, oriundas dos lavatórios, boxes de chuveiros da edificação: sistema independente constituído de tratamento com desinfecção, reservação e distribuição para 90% dos vasos sanitários de toda a edificação.","Verificar se há sistema de reúso de no mínimo 90% de águas cinzas para descarga dos vasos sanitários de toda a edificação, de forma que atenda o requisito.","Projeto hidrossanitário, declaração do projetista que comprove a previsão para utilização do reúso das águas cinzas para 90% das descargas dos vasos sanitários de toda a edificação, conforme especificado no requisito. Para a certificação final também deve ser apresentada a declaração de responsabilidade técnica do profissional responsável pela instalação do sistema, atestando ter executado de acordo com o projeto apresentado. Além disso, fornecer um quadro resumo, apresentando o número total de vasos sanitários e os que efetivamente atendem o requisito, além dos pontos de contribuição.",[null],[null],[null],012,0c7cbaff
09,GESTÃO SUSTENTÁVEL DAS ÁGUAS,"Esta categoria tem por objetivo reduzir e tornar racional o uso das águas na edificação, sendo composta por 12 requisitos.",REQUISITO 06,"Na sua residência/empresa, utiliza-se a água da chuva para regar plantas ou limpar o chão?","Aproveitamento de águas pluviais em 90% da área de cobertura excetuando eventual área de telhado verde, área de reservatório e áreas técnicas: implantação de sistema de captação, tratamento, reservação e distribuição para os vasos sanitários das áreas comuns, irrigação de jardins, lavagem de pisos e outros usos que não envolvam consumo humano. Nas edificações unidomiciliares, ou pluridomiciliares (até três unidades) o uso poderá ser apenas para regas de áreas verdes, lavagem de piso e outros usos que não envolvam o consumo humano.","Verificar se há aproveitamento da água da chuva para fins não potáveis da edificação. Caso exista, conferir se a água é coletada em, pelo menos, 90% da área da cobertura, excluindo áreas possivelmente utilizadas para telhado verde e áreas técnicas e utilizadas conforme está descrito no requisito.","Projeto hidrossanitário e declaração do projetista que comprove a previsão de instalação dos sistemas de reaproveitamento de água pluvial e uso descrito no requisito. Para a certificação final também deve ser apresentada a declaração de responsabilidade técnica do profissional responsável pela instalação do sistema, atestando ter executado de acordo com o projeto apresentado. Fornecer um quadro resumo, apresentando os pontos da utilização, além de cálculo da área de captação, com a proporção em relação a área total.",[null],[null],[null],007,0c7cbaff
10,GESTÃO SUSTENTÁVEL DAS ÁGUAS,"Esta categoria tem por objetivo reduzir e tornar racional o uso das águas na edificação, sendo composta por 12 requisitos.",REQUISITO 07,"Na sua residência/empresa, utiliza-se a água do ar condicionado para outras atividades, como regar plantas?","Aproveitamento de água de condensação do sistema de ar condicionado, em no mínimo 80% dos pontos dos equipamentos, para utilização nos vasos sanitários das áreas comuns, irrigação de jardins, lavagem de pisos e outros usos que não envolvam consumo humano.","Verificar se há aproveitamento da água dos aparelhos ou sistemas de ar condicionado para fins não potáveis da edificação. Caso exista, conferir se a água é coletada em, pelo menos, 80% dos pontos dos equipamentos e atender a utilização prescrita no requisito.","Projeto hidrossanitário com indicação dos equipamentos de climatização (evaporadoras),declaração do projetista que comprove que foi prevista a instalação do sistema de recuperação e reaproveitamento da água de condensação dos equipamentos e o seu uso conforme o requisito. Para a certificação final também deve ser apresentada a declaração de responsabilidade técnica do profissional responsável pela instalação do sistema, atestando ter executado de acordo com o projeto apresentado. Fornecer quadro resumo apresentando os pontos de contribuição e pontos de utilização, evidenciando a proporção solicitada no requisito.",[null],[null],[null],007,0c7cbaff
11,GESTÃO SUSTENTÁVEL DAS ÁGUAS,"Esta categoria tem por objetivo reduzir e tornar racional o uso das águas na edificação, sendo composta por 12 requisitos.",REQUISITO 08,"Na sua residência/empresa, utiliza-se a água da piscina é usada para outras coisas além de lazer?","Aproveitamento de água oriunda de aspiração e drenagem de piscinas, para utilização nos vasos sanitários das áreas comuns, lavagem de pisos e outros usos que não envolvam consumo humano.","Verificar se há aproveitamento da água água oriunda de aspiração e drenagem de piscinas para fins não potáveis da edificação. Caso exista, conferir se a água aproveitada atende a utilização prescrita no requisito.","Projeto hidrossanitário declaração do projetista que comprove que foi prevista a instalação dos sistemas de aproveitamento e o seu uso conforme o requisito. Para a certificação final também deve ser apresentada a declaração de responsabilidade técnica do profissional responsável pela instalação do sistema, atestando ter executado de acordo com o projeto apresentado. Fornecer quadro resumo explicativo dos pontos de contribuição e apresentar os pontos de utilização, evidenciando o percentual.",[null],[null],[null],006,0c7cbaff
12,GESTÃO SUSTENTÁVEL DAS ÁGUAS,"Esta categoria tem por objetivo reduzir e tornar racional o uso das águas na edificação, sendo composta por 12 requisitos.",REQUISITO 09,"Na sua residência/empresa, há algum sistema na sua casa que mantém a água quente sempre disponível?","Sistema de água quente com recirculação forçada para sistemas centrais, quando houver, ou em distribuição interna em sistemas individuais. Esta formatação pontua quando a distância entre o ponto de consumo e a fonte for igual ou maior a 5m.",Verificar se foi projetado o sistema de recirculação forçada para distribuição de água quente e se a distância especificada no requisito é atendida.,"Projeto hidrossanitário, declaração do projetista que comprove que foi previsto o sistema conforme o requisito. Para a certificação final também deve ser apresentada a declaração de responsabilidade técnica do profissional responsável pela instalação do sistema, atestando ter executado de acordo com o projeto apresentado.",[null],[null],[null],004,0c7cbaff
13,GESTÃO SUSTENTÁVEL DAS ÁGUAS,"Esta categoria tem por objetivo reduzir e tornar racional o uso das águas na edificação, sendo composta por 12 requisitos.",REQUISITO 10,"Na sua residência/empresa, utiliza-se de um sistema que renova a água de emergência do prédio?","Utilização de ""tubo pescador"" para renovação da água da reserva técnica de incêndio.","Verificar se foi utilizado o ""tubo pescador"", como citado no requisito.","Projeto hidrossanitário e declaração do projetista que comprove que foi prevista a instalação do ""tubo pescador"". Para a certificação final também deve ser apresentado registro fotográfico e a declaração de responsabilidade técnica do profissional responsável pela instalação do sistema, atestando ter executado de acordo com o projeto apresentado.",[null],[null],[null],002,0c7cbaff
14,GESTÃO SUSTENTÁVEL DAS ÁGUAS,"Esta categoria tem por objetivo reduzir e tornar racional o uso das águas na edificação, sendo composta por 12 requisitos.",REQUISITO 11,"Na sua residência/empresa, utiliza-se aquecedores que aproveitam o calor para economizar energia?",Utilização de aquecedor a gás (GN) com recuperação de calor - sistema de condensação.,"Verificar se foi utilizado o aquecedor a gás (GN), como citado no requisito.","Projeto hidrossanitário, evidência fotográfica e declaração do projetista que comprove que foi projetada a utilização de aquecedor conforme o requisito. Para a certificação final também deve ser apresentada a declaração de responsabilidade técnica do profissional responsável pela instalação do sistema, atestando ter executado de acordo com o projeto apresentado.",[null],[null],[null],003,0c7cbaff
15,GESTÃO SUSTENTÁVEL DAS ÁGUAS,"Esta categoria tem por objetivo reduzir e tornar racional o uso das águas na edificação, sendo composta por 12 requisitos.",REQUISITO 12,"Na sua residência/empresa, utiliza-se de painéis de tubos à vácuo para aquecer água?",Aquecimento de água termossolar com o emprego de painéis de tubos à vácuo.,Verificar se foi utilizado o sistema de aquecimento de água termossolar com painéis de tubos a vácuo como citado no requisito.,"Projeto hidrossanitário, evidência fotográfica e declaração do projetista que comprove que foi prevista a instalação do sistema de aquecimento conforme o requisito. Para a certificação final também deve ser apresentada a declaração de responsabilidade técnica do profissional responsável pela instalação do sistema, atestando ter executado de acordo com o projeto apresentado/declaração do projetista.",[null],[null],[null],003,0c7cbaff
16,EFICIÊNCIA E ALTERNATIVAS ENERGÉTICAS,"Esta categoria visa reduzir e tornar racional e eficiente o uso de energia na edificação, sendo composta por 28 requisitos.",REQUISITO 13,"Na sua residência/empresa, existe algum sistema que utiliza energia solar para aquecer água?","Sistema de aquecimento solar dimensionado para atender a demanda de água quente da edificação. O Sistema no seu todo deve ser certificado pelo INMETRO e dimensionado para atender a cinquenta por cento (50%) de toda a demanda de água quente. Para o dimensionamento dos coletores solares, utilizar a localização geográfica de Salvador.",Conferir se a demanda anual de água quente atendida por aquecimento solar é igual ou maior a 50%. Verificar se os coletores solares possuem Etiqueta Nacional de Conservação de Energia (ENCE) Nível A pelo PBE/ INMETRO ou Selo Procel e se os reservatórios possuem Selo Procel (versões vigentes no momento do pleito da certificação IPTU VERDE).,"Memorial de cálculo da demanda anual de água quente, especificação técnica do fabricante ou outro comprovante das etiquetas/Selo Procel (dos coletores solares) e do Selo Procel (dos reservatórios térmicos) e Memorial de cálculo do dimensionamento dos coletores solares.",[null],[null],[null],007,6c8800ff
17,EFICIÊNCIA E ALTERNATIVAS ENERGÉTICAS,"Esta categoria visa reduzir e tornar racional e eficiente o uso de energia na edificação, sendo composta por 28 requisitos.",REQUISITO 13A,-,"Sistema de aquecimento solar dimensionado para atender a demanda de água quente da edificação. O Sistema no seu todo deve ser certificado pelo INMETRO e dimensionado para atender a setenta por cento (70%) de toda a demanda de água quente. Para o dimensionamento dos coletores solares, utilizar a localização geográfica de Salvador.",Conferir se a demanda anual de água quente atendida por aquecimento solar é igual ou maior a 70%. Verificar se os coletores solares possuem Etiqueta Nacional de Conservação de Energia (ENCE) Nível A pelo PBE/ INMETRO ou Selo Procel e se os reservatórios possuem Selo Procel (versões vigentes no momento do pleito da certificação IPTU VERDE).,"Memorial de cálculo da demanda anual de água quente,especificação técnica do fabricante ou outro comprovante das etiquetas/Selo Procel (dos coletores solares) e do Selo Procel (dos reservatórios térmicos) e Memorial de cálculo do dimensionamento dos coletores solares.",[null],[null],[null],010,6c8800ff
18,EFICIÊNCIA E ALTERNATIVAS ENERGÉTICAS,"Esta categoria visa reduzir e tornar racional e eficiente o uso de energia na edificação, sendo composta por 28 requisitos.",REQUISITO 14,"Na sua residência/empresa, utiliza-se de aquecedores que funcionam com uma espécie de ""bomba"" e que economizam energia?","Aquecimento de água por bomba de calor: As bombas de calor devem possuir coeficiente de performance (COP) igual ou maior a 3,0 W/W e não devem utilizar gases refrigerantes comprovadamente nocivos ao meio ambiente (por exemplo, R22). Devem atingir, no mínimo, 70% da demanda de água quente.","Conferir se o COP das bombas é igual ou maior a 3,0 W/W e se não utiliza gases refrigerantes nocivos ao meio ambiente. Avaliar o memorial de cálculo se atende ao percentual especificado no requisito.",Especificação das bombas de calor com indicação do seu desempenho térmico e indicação do gás refrigeranteutilizado. Ao final da construção apresentar comprovante de aquisição do equipamento e evidência fotográfica da instalaçãodas bombasde calor. Memorialde cálculo.,[null],[null],[null],010,6c8800ff
19,EFICIÊNCIA E ALTERNATIVAS ENERGÉTICAS,"Esta categoria visa reduzir e tornar racional e eficiente o uso de energia na edificação, sendo composta por 28 requisitos.",REQUISITO 15,"Na sua residência/empresa, as tubulações de água quente têm algum tipo de isolamento?","Existência de isolamento térmico da tubulação de água quente: Nas tubulações não metálicas, a espessura mínima do isolamento deve ser de 1,0cm, com condutividade térmica entre 0,032 a 0,040 W/mK, para qualquer diâmetro nominal de tubulação. Nas tubulações metálicas, a espessura do isolamento deve ser de 2,0 cm para qualquer diâmetro, com condutividade térmica entre 0,032 e 0,040 W/mK. Quando exposto ao sol, o isolamento deve ter proteção contra raios UV e umidade.","Verificar tipo, material e diâmetro das tubulações e espessura e condutividade térmica projetada para o isolamento.","Projeto hidrossanitário de água quente; descrição do isolamento térmico (espessura (mm) e condutividade térmica (W/mK), evidência fotográfica da instalação e declaração do construtor ou responsável técnico da execução do serviço comprovando a instalação do isolamento. Mesmo que as tubulações de água quente possuam propriedades isolantes no seu material, estas devem ainda possuir isolantes térmicos como poliestireno e poliuretano.",[null],[null],[null],002,6c8800ff
20,EFICIÊNCIA E ALTERNATIVAS ENERGÉTICAS,"Esta categoria visa reduzir e tornar racional e eficiente o uso de energia na edificação, sendo composta por 28 requisitos.",REQUISITO 16,"Na sua residência/empresa, possui luz natural nas escadas?",Iluminação natural em escada de segurança desde que atendida a legislação vigente. Este requisito pontua nos casos em que não existe obrigatoriedade na legislação pertinente (ABNT e IT 11 - CBMBa).,"Verificar a existência de iluminação natural em escadas de segurança. Caso exista, observe o atendimento à legislação vigente.",Projeto arquitetônico e evidências fotográficas.,[null],[null],[null],002,6c8800ff
21,EFICIÊNCIA E ALTERNATIVAS ENERGÉTICAS,"Esta categoria visa reduzir e tornar racional e eficiente o uso de energia na edificação, sendo composta por 28 requisitos.",REQUISITO 17,"Na sua residência/empresa, as luzes se acendem automaticamente quando alguém entra em uma sala?","Instalação de sistemas de iluminação em 100% das áreas comuns, com circuitos independentes distribuídos e dispositivos economizadores, tais como: sensores de presença e sensores fotoelétricos.","Verificar a existência de circuitos independentes e automação (sensores de presença, sensores fotoelétricos etc.) na iluminação de áreas comuns das edificações.","Projeto luminotécnico e/ou elétrico, evidências fotográficas, declaração do projetista de atendimento da divisão dos circuitos e declaração do construtor ou responsável técnico atestando que foi executado de acordo com o projeto.",[null],[null],[null],005,6c8800ff
22,EFICIÊNCIA E ALTERNATIVAS ENERGÉTICAS,"Esta categoria visa reduzir e tornar racional e eficiente o uso de energia na edificação, sendo composta por 28 requisitos.",REQUISITO 18,"Na sua residência/empresa, utiliza-se de energia solar para iluminar o prédio?","Fontes alternativas de energia: uso de painéis solares fotovoltaicos, que atendam a no mínimo 80% da iluminação das áreas comuns, exceto áreas externas e garagens. No caso de edificações constituídas de uma única unidade imobiliária, a economia deve ser de no mínimo 20% do consumo anual total.","Analisar o memorial de cálculo do dimensionamento dos painéis solares. Avaliar as evidências fotográficas da instalação quando da conclusão da construção. Examinar a demanda energética atendida pelos painéis, se atende ao requisito.","Projeto e memorial de cálculo da geração de energia fotovoltaica, para a localização geográfica de Salvador, cálculo da potência total instalada da iluminação das áreas comuns. Ao final da construção apresentar evidências fotográficas.",[null],[null],[null],016,6c8800ff
23,EFICIÊNCIA E ALTERNATIVAS ENERGÉTICAS,"Esta categoria visa reduzir e tornar racional e eficiente o uso de energia na edificação, sendo composta por 28 requisitos.",REQUISITO 19,"Na sua residência/empresa, utiliza-se de energia eólica para iluminar suas áreas comuns?","Fontes alternativas de energia: uso de turbinas eólicas, que atendam a no mínimo 50% da iluminação das áreas comuns, exceto áreas externas e garagens. No caso de edificações constituídas de uma única unidade imobiliária, a economia deve ser de no mínimo 20% do consumo anual total.","Analisar o projeto e memorial de cálculo do sistema para as características locais. Verificar o percentual atendido para a iluminação das áreas comuns. Verificar as evidências fotográficas da instalação, ao final da construção.",Projeto e memorial de cálculo da geração de energia eólica para as características locais e cálculo da potência total instalada da iluminação das áreas comuns. Ao final da construção apresentar evidências fotográficas.,[null],[null],[null],016,6c8800ff
24,EFICIÊNCIA E ALTERNATIVAS ENERGÉTICAS,"Esta categoria visa reduzir e tornar racional e eficiente o uso de energia na edificação, sendo composta por 28 requisitos.",REQUISITO 20,"Na sua residência/empresa, os fios elétricos são dimensionados para evitar perdas de energia?","Condutores de prumadas dimensionados para uma queda de tensão menor ou igual a 1.5%, considerando a carga estipulada pelo Cálculo de Demanda das Unidades do Grupo B, constante na norma Fornecimento de Energia Elétrica a Edificações com Múltiplas Unidades Consumidoras - NOR.DISTRIBU- ENGE 0022 - Neoenergia, na versão vigente no momento do pleito.","Verificar se o projeto, o memorial de cálculo e as declarações do projetista, atestando que o projeto atende ao requisito e do construtor atestando que a instalação foi executada de acordo com o projeto apresentado.","Projeto elétrico atendendo ao requisito, memorial de cálculo, declarações do projetista atestando que o projeto atende ao requisito e declaração do construtor ou responsável técnico atestando o atendimento ao projeto apresentado.",[null],[null],[null],005,6c8800ff
25,EFICIÊNCIA E ALTERNATIVAS ENERGÉTICAS,"Esta categoria visa reduzir e tornar racional e eficiente o uso de energia na edificação, sendo composta por 28 requisitos.",REQUISITO 21,"Na sua residência/empresa, o ar circula naturalmente entre diferentes partes?",Ventilação cruzada na unidade privativa que proporcione fluição de ar entre as aberturas localizadas em pelo menos duas diferentes fachadas.,"Verificar a existência de aberturas em duas ou mais diferentes fachadas da edificação. Verificar se atendem à proporção:
Onde:
A1: somatório das áreas úteis efetivas de aberturas para ventilação localizadas nas fachadas da orientação com maior área de abertura para ventilação (m²);
A2: somatório das áreas úteis efetivas de aberturas para ventilação localizadas nas fachadas das demais orientações (m²).",Projeto arquitetônico com indicação do tamanho das aberturas e Memorial do cálculo das áreas úteis efetivas de ventilação,[null],[null],[null],004,6c8800ff
26,EFICIÊNCIA E ALTERNATIVAS ENERGÉTICAS,"Esta categoria visa reduzir e tornar racional e eficiente o uso de energia na edificação, sendo composta por 28 requisitos.",REQUISITO 22,"Na sua residência/empresa, utiliza-se de dispositivos para bloquear a entrada de luz solar?",Existência de dispositivos de proteção solar externos às aberturas dos ambientes de permanência prolongada que permitam controle lumínico e/ou ventilação em unidades imobiliárias.,Verificar especificações do material utilizado e a existência de venezianas em dormitórios e demais ambientes de permanência prolongada de edificações residenciais.,"Evidências fotográficas, projeto e especificações dos materiais utilizados.","Para efeito desta certificação, entende-se como ambiente de permanência prolongada ""ambientes de ocupação contínua por um ou mais indivíduos, incluindo sala de estar, sala de jantar, sala íntima, dormitórios, escritório, sala de TV, cozinha ou ambientes de usos similares aos citados. Não são considerados ambientes de permanência prolongada: lavanderia ou área de serviço, banheiro, circulação, varanda aberta ou fechada com vidro, solarium, garagem, entre outros que sejam de ocupação transitória. Os ambientes listados nesta definição não excluem outros não listados"". O uso de venezianas nos dormitórios já garante a obtenção da pontuação.",[null],"O QUE UMA JANELA PRECISA TER PARA UM BOM DESEMPENHO TÉRMICO E LUMÍNICO?
- Proporcionar escurecimento;
- Proporcionar uma boa ventilação natural e iluminação natural;
- Proteger o ambiente da chuva e vento;
- Propiciar sombreamento no verão e no inverno permitir a entrada do sol;
- Ser possível de ser vedada durante a ausência dos usuários.",004,6c8800ff
27,EFICIÊNCIA E ALTERNATIVAS ENERGÉTICAS,"Esta categoria visa reduzir e tornar racional e eficiente o uso de energia na edificação, sendo composta por 28 requisitos.",REQUISITO 23,"A sua residência/empresa, possui estruturas para proteger as fachadas do sol?","Sistema de proteção e sombreamento em fachadas com pérgolas horizontais ou verticais, brises ou persianas externas e outros protetores solares, como fachada ventilada.","Verificar a existência de sombreamento em fachadas (pérgulas horizontais ou verticais, brises, persianas externas, vegetação e outros protetores solares).","Evidências fotográficas e projeto e/ou outro documento que com prove a existência dos sombreamentos nas fachadas: máscara de sombra, detalhamento do dispositivo de sombreamento.",[null],[null],[null],006,6c8800ff
28,EFICIÊNCIA E ALTERNATIVAS ENERGÉTICAS,"Esta categoria visa reduzir e tornar racional e eficiente o uso de energia na edificação, sendo composta por 28 requisitos.",REQUISITO 24,"A sua residência/empresa, possui sistemas de ar condicionado que consomem pouca energia?","Sistema central de arcondicionado com demanda energética do sistema de até 0,7 Kw/TR e renovação de ar de acordo com a NBR 16401.3 e resolução RE09 ANVISA.",Verificar o projeto de climatização e declaração do projetista e da empresa instaladora atestando que o sistema atende a demanda energética especificada no requisito.,Projeto de climatização e declarações do projetista e instalador.,[null],[null],[null],005,6c8800ff
29,EFICIÊNCIA E ALTERNATIVAS ENERGÉTICAS,"Esta categoria visa reduzir e tornar racional e eficiente o uso de energia na edificação, sendo composta por 28 requisitos.",REQUISITO 24A,-,"Sistema central de arcondicionado com demanda energética de todo o sistema acima de 0,7 kW/TR até 1,0 kW/TR e renovação de ar de acordo com a NBR 16401.3 e resolução RE 09 ANVISA. (Acima de 1,0 kW/TR o sistema não será pontuado).",Verificar o projeto de climatização e declaração do projetista e da empresa instaladora atestando que o sistema atende a demanda energética especificada no requisito.,Projeto de climatização e declarações do projetista e instalador.,[null],[null],[null],002,6c8800ff
30,EFICIÊNCIA E ALTERNATIVAS ENERGÉTICAS,"Esta categoria visa reduzir e tornar racional e eficiente o uso de energia na edificação, sendo composta por 28 requisitos.",REQUISITO 25,"Na sua residência/empresa, existem ambientes com abertura(s) voltada(s) para área externa ou para átrio não coberto ou de cobertura translúcida e que contenham mais de uma fileira de luminárias paralelas à(s) abertura(s) possuindo um controle instalado automático, para o acionamento independente da fileira de luminárias mais próxima à abertura, de forma a propiciar o aproveitamento da luz natural disponível?","Ambientes com abertura(s) voltada(s) para área externa ou para átrio não coberto ou de cobertura translúcida e que contenham mais de uma fileira de luminárias paralelas à(s) abertura(s) devem possuir um controle instalado automático, para o acionamento independente da fileira de luminárias mais próxima à abertura, de forma a propiciar o aproveitamento da luz natural disponível. Aplicável em edificações comerciais ou institucionais.","Em ambientes com aberturas voltadas para áreas externas ou átrios naturalmente iluminados, verificar se existe mais de uma fileira de luminárias paralela às aberturas. Caso afirmativo, verificar se a fileira mais próxima às aberturas possui acionamento independente e automático das demais.","Projeto luminotécnico e/ou elétrico e declaração do construtor ou empresa instaladora, informando o atendimento ao requisito.",[null],[null],[null],004,6c8800ff
31,EFICIÊNCIA E ALTERNATIVAS ENERGÉTICAS,"Esta categoria visa reduzir e tornar racional e eficiente o uso de energia na edificação, sendo composta por 28 requisitos.",REQUISITO 26,"Na sua residência/empresa, utiliza-se de energia gerada por gás natural ou hidrogênio?","Geradores de energia elétrica utilizando como combustível o gás natural (GN) ou hidrogênio verde (H2V), com tratamento acústico no ambiente de acordo com os níveis de ruído da norma ABNT 10152/87.",Verificar se o combustível utilizado no gerador é o GN ou H2V. Avaliar a declaração do projetista e do instalador atestando o tratamento acústico do ambiente.,Especificação do gerador. Projeto de acústica do ambiente e declarações do projetista e instalador atestando o tratamento acústico do ambiente.,[null],[null],[null],005,6c8800ff
32,EFICIÊNCIA E ALTERNATIVAS ENERGÉTICAS,"Esta categoria visa reduzir e tornar racional e eficiente o uso de energia na edificação, sendo composta por 28 requisitos.",REQUISITO 27,"Na sua residência/empresa, utiliza-se de sistemas de ar condicionado por absorção (bomba de calor) que não utilizam gases prejudiciais ao meio ambiente?","Sistema de condicionamento de ar por absorção (bomba de calor) com COP - Coeficiente de Performance do sistema igual ou maior a 3,0 W/W e não devem utilizar gases refrigerantes comprovadamente nocivos ao meio ambiente (por exemplo, R22).",Verificar a utilização de sistema de absorção para geração de frio que atenda a especificação do requisito.,"Projeto, especificação do equipamento e declaração do projetista e do instalador atestando o atendimento ao requisito.",[null],[null],[null],006,6c8800ff
33,EFICIÊNCIA E ALTERNATIVAS ENERGÉTICAS,"Esta categoria visa reduzir e tornar racional e eficiente o uso de energia na edificação, sendo composta por 28 requisitos.",REQUISITO 28,"Na sua residência/empresa, o ar é renovado através de um sistema que recupera o calor?",Recuperação de calor com emprego de roda entálpica (trocador de calor) no sistema de renovação de ar exterior.,"Verificar a existência de recuperação de calor com a utilização de roda entálpica instalada, no sistema de renovação de ar exterior.",Projeto de cálculo da roda entálpica instalada e declaração do projetista e instalador.,[null],[null],[null],008,6c8800ff
34,EFICIÊNCIA E ALTERNATIVAS ENERGÉTICAS,"Esta categoria visa reduzir e tornar racional e eficiente o uso de energia na edificação, sendo composta por 28 requisitos.",REQUISITO 29,"Na sua residência/empresa, existe espaço para armazenar energia elétrica em baterias?",Area para instalação de acumuladores de energia elétrica (baterias).,"Avaliar o espaço destinado aos acumuladores de energia elétrica e do atendimento das condicionantes do fabricante. Este espaço deverá ter no mínimo 4m x 3m, com ventilação cruzada.",Planta do espaço.,[null],[null],[null],002,6c8800ff
35,EFICIÊNCIA E ALTERNATIVAS ENERGÉTICAS,"Esta categoria visa reduzir e tornar racional e eficiente o uso de energia na edificação, sendo composta por 28 requisitos.",REQUISITO 30,"Na sua residência/empresa, existem pontos de luz e tomadas que funcionem mesmo em emergências?","Ponto de iluminação e tomadas internas, no circuito alimentado por fonte alternativa (gerador e/ou baterias) de energia elétrica para emergência. Prever, no mínimo, um ponto na sala e um ponto em um quarto nas unidades habitacionais.","Verificar se existe ponto de iluminação e tomadas internas alimentadas pela fonte alternativa, na quantidade estipulada no requisito.",Projeto elétrico e declaração do construtor ou empresa instaladora informando o atendimento ao projeto apresentado.,[null],[null],[null],004,6c8800ff
36,EFICIÊNCIA E ALTERNATIVAS ENERGÉTICAS,"Esta categoria visa reduzir e tornar racional e eficiente o uso de energia na edificação, sendo composta por 28 requisitos.",REQUISITO 31,"Na sua residência/empresa, existem elevadores que geram energia enquanto funcionam?",Elevadores com regeneração de energia elétrica.,Verificar a especificação disponibilizada pelo fabricante dos elevadores.,"Especificação, catálogo e declaração do fabricante atestando a existência de sistema de regeneração de energia elétrica.",[null],[null],[null],003,6c8800ff
37,EFICIÊNCIA E ALTERNATIVAS ENERGÉTICAS,"Esta categoria visa reduzir e tornar racional e eficiente o uso de energia na edificação, sendo composta por 28 requisitos.",REQUISITO 32,"Na sua residência/empresa, os elevadores são programados para economizar energia?",Elevadores com programação de tráfego.,Verificar a especificação disponibilizada pelo fabricante dos elevadores.,"Especificação, catálogo e declaração do fabricante atestando a existência de programação de tráfego nos elevadores instalados.",[null],[null],[null],002,6c8800ff
38,EFICIÊNCIA E ALTERNATIVAS ENERGÉTICAS,"Esta categoria visa reduzir e tornar racional e eficiente o uso de energia na edificação, sendo composta por 28 requisitos.",REQUISITO 33,"Na sua residência/empresa, os elevadores têm uma fonte de energia alternativa em caso de emergência?","Elevadores com fonte alternativa dedicada de energia elétrica quando da inexistência de gerador de energia elétrica para emergências. Este dispositivo, no mínimo, deverá atuar permitindo a liberação de passageiros da cabine.","Em edificações que não possuam gerador, verificar se existe fonte alternativa de energia dedicada, para atendimento a elevadores.",Projeto elétrico e declarações do construtor e do fabricante de elevadores (responsável pela instalação) atestando o atendimento ao requisito.,[null],[null],[null],006,6c8800ff
39,EFICIÊNCIA E ALTERNATIVAS ENERGÉTICAS,"Esta categoria visa reduzir e tornar racional e eficiente o uso de energia na edificação, sendo composta por 28 requisitos.",REQUISITO 34,"Na sua residência/empresa, a motorização do ar condicionado funciona com gás natural ou hidrogênio?",Sistema de condicionamento de ar com motorização a gás natural (GN) ou hidrogênio verde (H2V).,"Verificar a utilização da fonte energética a GN ou H2V, para o sistema de condicionamento de ar.","Projeto, especificação do equipamento e declaração do projetista e do instalador atestando o atendimento ao requisito.",[null],[null],[null],008,6c8800ff
40,EFICIÊNCIA E ALTERNATIVAS ENERGÉTICAS,"Esta categoria visa reduzir e tornar racional e eficiente o uso de energia na edificação, sendo composta por 28 requisitos.",REQUISITO 35,"Na sua residência/empresa, possui desempenho térmico nível A?",Apresentar Nível A de eficiência na envoltória de acordo com o RTQ-C e RTQ-R.,Verificar se a Etiqueta Nacional de Conservação de Energia (ENCE) emitida por um OIA apresenta Nível A para a envoltória da edificação. Consultar as Tabelas de Consumo/Eficiência Energética do Inmetro para confirmação das informações (http://www.inmetro.gov.br/consumidor/pbe/tabelas-comerciais.pdf). Ou avaliar se o memorial de cálculo gerado pelo Webprescritivo apresenta Nível A e é acompanhado pela declaração do arquiteto ou engenheiro responsável pela sua emissão.,Relatório de Inspeção da Edificação Construída e ENCE da Envoltória Construída Nível A emitidos por um OIA e/ou etiqueta parcial da envoltória e memorial de cálculo obtidos através do Webprescritivo e declaração do arquiteto ou engenheiro responsável pela avaliação pelo Webprescritivo.,[null],[null],[null],015,6c8800ff
41,EFICIÊNCIA E ALTERNATIVAS ENERGÉTICAS,"Esta categoria visa reduzir e tornar racional e eficiente o uso de energia na edificação, sendo composta por 28 requisitos.",REQUISITO 36,"Na sua residência/empresa, possui desempenho térmico nível B?",Apresentar Nível B de eficiência na envoltória de acordo com o RTQ-C e RTQ-R.,Verificar se a Etiqueta Nacional de Conservação de Energia (ENCE) emitida por um OIA apresenta Nível B para a envoltória da edificação. Consultar as Tabelas de Consumo/Eficiência Energética do Inmetro para confirmação das informações (http://www.inmetro.gov.br/consumidor/pbe/tabelas-comerciais.pdf). Ou avaliar se o memorial de cálculo gerado pelo Webprescritivo apresenta Nível B e é acompanhado pela declaração do arquiteto ou engenheiro responsável pela sua emissão.,Relatório de Inspeção da Edificação Construída e ENCE da Envoltória Construída Nível B emitidos por um OIA e/ou etiqueta parcial da envoltória e memorial de cálculo obtidos através do Webprescritivo e declaração do arquiteto ou engenheiro responsável pela avaliação pelo Webprescritivo.,[null],[null],[null],010,6c8800ff
42,EFICIÊNCIA E ALTERNATIVAS ENERGÉTICAS,"Esta categoria visa reduzir e tornar racional e eficiente o uso de energia na edificação, sendo composta por 28 requisitos.",REQUISITO 37,"Na sua residência/empresa, possui desempenho térmico nível C?",Apresentar Nível C de eficiência na envoltória de acordo com o RTQ-C e RTQ-R.,Verificar se a Etiqueta Nacional de Conservação de Energia (ENCE) emitida por um OIA apresenta Nível C para a envoltória da edificação. Consultar as Tabelas de Consumo/Eficiência Energética do Inmetro para confirmação das informações (http://www.inmetro.gov.br/consumidor/pbe/tabelas-comerciais.pdf). Ou avaliar se o memorial de cálculo gerado pelo Webprescritivo apresenta Nível C e é acompanhado pela declaração do arquiteto ou engenheiro responsável pela sua emissão.,Relatório de Inspeção da Edificação Construída e ENCE da Envoltória Construída Nível C emitidos por um OIA e/ou etiqueta parcial da envoltória e memorial de cálculo obtidos através do Webprescritivo e declaração do arquiteto ou engenheiro responsável pela avaliação pelo Webprescritivo.,[null],[null],[null],005,6c8800ff
43,EFICIÊNCIA E ALTERNATIVAS ENERGÉTICAS,"Esta categoria visa reduzir e tornar racional e eficiente o uso de energia na edificação, sendo composta por 28 requisitos.",REQUISITO 38,"Na sua residência/empresa, o sistema de condicionamento possui Nível A de eficiência de acordo com a certificação INMETRO?","Apresentar Nível A de eficiência de acordo com a certificação INMETRO, no sistema de condicionamento de ar central, split ou aparelho de janela calculado de acordo com o RTQ- C e RTQ- R, nos ambientes de áreas comuns.","Verificar se a Etiqueta Nacional de Conservação de Energia (ENCE) emitida por um OIA apresenta Nível A para o sistema de condicionamento de ar nos ambientes de áreas comuns. Consultar as Tabelas de Consumo/Eficiência Energética do Inmetro para confirmação das informações (http://www.inmetro.gov.br/consumidor/pbe/tabelas.comerciais.pdf). Ou para sistemas split ou de janela, avaliar se o memorial de cálculo gerado pelo Webprescritivo apresenta Nível A para o sistema de condicionamento de ar nos ambientes de áreas comuns e é acompanhado pela declaração do arquiteto ou engenheiro responsável pela sua emissão. Ou, para sistemas de condicionamento de ar não regulamentados pelo Inmetro, verificar declaração do fabricante e laudo do atendimento ao item 5.4 do RTQ-C.",Relatório de Inspeção da Edificação Construída e ENCE do Sistema de Condicionamento de Ar Construído Nível A emitidos por um OIA e/ou etiqueta parcial obtida no Webprescritivo para sistemas do tipo split ou janela e declaração do arquiteto ou engenheiro responsável pela avaliação pelo Webprescritivo; e/ou comprovação através de declaração do fabricante e laudo do atendimento ao item 5.4 do RTQ-C (sistemas de condicionamento de ar não regulamentados pelo Inmetro).,"Em edificações comerciais, de serviços e públicas, parcelas de edifícios podem ter o sistema de iluminação e o sistema de condicionamento de ar avaliados separadamente, recebendo uma classificação parcial do nível de eficiência referente a cada um desses itens. Para a classificação do sistema de condicionamento de ar, o nível de eficiência energética pode ser estabelecido para um pavimento ou um conjunto de salas, assim como para os subsolos. Áreas comuns de shopping centers, edifício de escritórios, etc. também podem ser avaliados.",A envoltória sempre é avaliada para a edificação como um todo e é obrigatória para obtenção das ENCEs parciais do sistema de iluminação e condicionamento de ar.,[null],004,6c8800ff
44,EFICIÊNCIA E ALTERNATIVAS ENERGÉTICAS,"Esta categoria visa reduzir e tornar racional e eficiente o uso de energia na edificação, sendo composta por 28 requisitos.",REQUISITO 39,-,"Apresentar Nível A de eficiência de acordo com a certificação INMETRO, no sistema de condicionamento de ar central, split ou aparelho de janela calculado de acordo com o RTQ-C, em edificações comerciais e institucionais constituídas de uma única unidade imobiliária.","Verificar se a Etiqueta Nacional de Conservação de Energia (ENCE) emitida por um OIA apresenta Nível A para o sistema de condicionamento de ar nos ambientes de áreas comuns. Consultar as Tabelas de Consumo/Eficiência Energética do Inmetro para confirmação das informações (http://www.inmetro.gov.br/consumidor/pbe/tabelas-comerciais.pdf). Ou para sistemas split ou de janela, avaliar se o memorial de cálculo gerado pelo Webprescritivo apresenta Nível A para o sistema de condicionamento de ar nos ambientes de áreas comuns e é acompanhado pela declaração do arquiteto ou engenheiro responsável pela sua emissão. Ou, para sistemas de condicionamento de ar não regulamentados pelo Inmetro, verificar declaração do fabricante e laudo do atendimento ao item 5.4 do RTQ-C.",Relatório de Inspeção da Edificação Construída e ENCE do Sistema de Condicionamento de Ar Construído Nível A emitidos por um OIA e/ou etiqueta parcial obtida no Webprescritivo para sistemas do tipo split ou janela e declaração do arquiteto ou engenheiro responsável pela avaliação pelo Webprescritivo; e/ou comprovação através de declaração do fabricante e laudo do atendimento ao item 5.4 do RTQ-C (sistemas de condicionamento de ar não regulamentados pelo Inmetro).,[null],[null],[null],004,6c8800ff
45,EFICIÊNCIA E ALTERNATIVAS ENERGÉTICAS,"Esta categoria visa reduzir e tornar racional e eficiente o uso de energia na edificação, sendo composta por 28 requisitos.",REQUISITO 40,"Na sua residência/empresa, existem limitadores de potência de iluminação dos espaços internos?",Limitar a potência de iluminação dos espaços internos das edificações de acordo com a densidade de potência de iluminação limite (DPIL - W/m²) estipulada para o nível A de eficiência do RTQ-C.,"Em ambientes com aberturas voltadas para áreas externas ou átrios naturalmente iluminados, verificar se existe mais de uma fileira de luminárias paralela às aberturas. Caso afirmativo, verificar se a fileira mais próxima às aberturas possui acionamento independente das demais.","Projeto luminotécnico e/ou elétrico, declaração do projetista de atendimento da contribuição da luz natural.",[null],[null],[null],004,6c8800ff
46,PROJETO SUSTENTÁVEL,"Esta categoria visa estimular a adoção de projetos mais sustentáveis às edificações, sendo composta por 12 requisitos",REQUISITO 41,"Na sua residência/empresa, existem elevadores com dimensões que comportem uma maca hospitalar?","Elevadores: existência de pelo menos um dos equipamentos, com dimensões internas que comportem uma maca (Dimensões internas mínimas de 1.20m x 2.20m). A altura útil deve ser no mínimo de 2,8m. Excetuam-se deste requisito os empreendimentos destinados a serviço de saúde.","Avaliar a planta baixa evidenciando o espaço para o elevador, especificações técnicas com as dimensões do elevador e fotografias.","Especificações do elevador disponibilizada pelo fornecedor, documento de compra de elevadores de acordo com o especificado no requisito, evidências fotográficas do equipamento instalado e planta baixa evidenciando a dimensão do espaço do elevador.",[null],[null],[null],002,c92d39ff
47,PROJETO SUSTENTÁVEL,"Esta categoria visa estimular a adoção de projetos mais sustentáveis às edificações, sendo composta por 12 requisitos",REQUISITO 42,"Na sua residência/empresa, existem vidros especiais para bloquear os raios UV?","Utilização de vidro redutor das radiações de UV sem bloqueio de luz, em todas as esquadrias das unidades privativas.",Avaliar a especificação do vidro e quantitativo do vidro (avaliação do quadro resumo de área de vidros de acordo com o projeto x documento de compra/contrato do material).,"Quadro resumo da área de vidros de acordo com o projeto, projeto arquitetônico, documento de compra do material e especificação disponibilizada pelo fornecedor.",[null],[null],[null],004,c92d39ff
48,PROJETO SUSTENTÁVEL,"Esta categoria visa estimular a adoção de projetos mais sustentáveis às edificações, sendo composta por 12 requisitos",REQUISITO 43,"Na sua residência/empresa, existem vidros com menos de 15% de refletividade?","Utilização de vidro com menos de 15% de refletividade, quando previsto revestimento de vidro nas fachadas (para pontuar é necessário que todas as fachadas em vidro o utilizem).",Avaliar a especificação do vidro e quantitativo do vidro (avaliação do quadro resumo de área de vidros de acordo com a área revestida em projeto x documento de compra/contrato do material).,"Quadro resumo da área de vidros de acordo com o projeto, projeto arquitetônico, documento de compra do material e especificação disponibilizada pelo fornecedor.",[null],[null],[null],006,c92d39ff
49,PROJETO SUSTENTÁVEL,"Esta categoria visa estimular a adoção de projetos mais sustentáveis às edificações, sendo composta por 12 requisitos",REQUISITO 44,"Na sua residência/empresa, utilizou-se de materiais reciclados na construção?","Utilizar entre os materiais de acabamento de áreas comuns (lazer e convivência) a reutilização de elementos recuperados em processos de desconstrução (por exemplo: revestimentos de parede, pisos, vedações, forros). Esta reutilização deve representar pelo menos 4% da área de revestimento ou 5% dos elementos de vedação da área equivalente em espaço de lazer e convivência, aplicados em local visível e bem sinalizado, sensibilizando assim para o benefício do reaproveitamento de elementos de arquitetura em construções formais.","Análise do relatório apresentado pelo construtor das peças utilizadas oriundas de desconstrução, avaliando procedência e cálculo do percentual dos elementos aplicados sobre o total (Ex.: Se for adotado um revestimento interno oriundo de desconstrução, aplicado em play ground, deve representar no mínimo 4% do total de revestimento interno do playground, em local visível e sinalizado).","Relatório da procedência do material ou nota fiscal de empresa especializada em desconstrução predial e venda dos produtos, quadro demonstrativo do cálculo do percentual para atendimento do requisito e evidência fotográfica do material e da sinalização aplicada.",[null],[null],[null],004,c92d39ff
50,PROJETO SUSTENTÁVEL,"Esta categoria visa estimular a adoção de projetos mais sustentáveis às edificações, sendo composta por 12 requisitos",REQUISITO 45,"Na sua residência/empresa, existe iluminação e ventilação natural em todas as áreas comuns?",Iluminação natural e ventilação em 100% das áreas comuns (circulação social e de serviço) dos pavimentos tipo com extensão de até 20m.,"Avaliar o projeto das circulações sociais e de serviço, de acordo com Art. 74 da Lei nº 3.903 - Código de Obras de Salvador, que indica que vãos de iluminação para compartimento de utilização eventual devem ter pelo menos um décimo (1/10) da área do piso. Avaliar fotografias.","Planta baixa do pavimento tipo, evidenciando a área de circulação social e de serviço e evidências fotográficas dos locais.",[null],[null],[null],002,c92d39ff
51,PROJETO SUSTENTÁVEL,"Esta categoria visa estimular a adoção de projetos mais sustentáveis às edificações, sendo composta por 12 requisitos",REQUISITO 46,-,Iluminação natural e ventilação em 100% das áreas comuns (circulação social e de serviço) dos pavimentos tipo com extensão de até 20m.,"Avaliar o projeto das circulações sociais e de serviço, de acordo com Art. 74 da Lei nº 3.903 - Código de Obras de Salvador, que indica que vãos de iluminação para compartimento de utilização eventual devem ter pelo menos um décimo (1/10) da área do piso. Avaliar fotografias.","Planta baixa do pavimento tipo, evidenciando a área de circulação social e de serviço e evidências fotográficas dos locais.",[null],[null],[null],004,c92d39ff
52,PROJETO SUSTENTÁVEL,"Esta categoria visa estimular a adoção de projetos mais sustentáveis às edificações, sendo composta por 12 requisitos",REQUISITO 47,"Na sua residência/empresa, existe alguma abertura voltada para o exterior ou poços de ventilação do edifício em 50% dos banheiros?",Existência de abertura voltada para o exterior ou poços de ventilação do edifício em 50% dos banheiros da edificação (exceto lavabos).,Avaliar o projeto ou cadastro arquitetônico.,Planta baixa do pavimento tipo.,[null],[null],[null],002,c92d39ff
53,PROJETO SUSTENTÁVEL,"Esta categoria visa estimular a adoção de projetos mais sustentáveis às edificações, sendo composta por 12 requisitos",REQUISITO 47A,"Na sua residência/empresa, existe alguma abertura voltada para o exterior ou poços de ventilação do edifício em 100% dos banheiros?",Existência de abertura voltada para o exterior ou prisma ou poços de ventilação do edifício em 100% dos banheiros da edificação(exceto lavabos).,Avaliar o projeto ou cadastro arquitetônico.,Planta baixa do pavimento tipo.,[null],[null],[null],004,c92d39ff
54,PROJETO SUSTENTÁVEL,"Esta categoria visa estimular a adoção de projetos mais sustentáveis às edificações, sendo composta por 12 requisitos",REQUISITO 48,"Na sua residência/empresa, utiliza-se de geradores de energia elétrica para emergência, insonorizados ou com tratamento acústico do ambiente e com descarga do tipo Hospitalar?","Utilização de geradores de energia elétrica para emergência, insonorizados ou com tratamento acústico do ambiente e com descarga do tipo Hospitalar.","Avaliar a planta da área de instalação do gerador, incluindo especificação acústica, de atenuadores de ruído e silencioso hospitalar.",Planta da área e especificação/manual técnico do equipamento e/ou relatório fotográfico evidenciando a existência de atenuadores de ruído e silencioso hospitalar.,[null],[null],[null],003,c92d39ff
55,PROJETO SUSTENTÁVEL,"Esta categoria visa estimular a adoção de projetos mais sustentáveis às edificações, sendo composta por 12 requisitos",REQUISITO 49,"Na sua residência/empresa, existe previsão de infraestrutura para recarregamento de veículos elétricos, em pelo menos uma vaga por unidade?","Previsão de infraestrutura para recarregamento de veículos elétricos, em pelo menos uma vaga por unidade privativa. O sistema deve permitir a individualização do consumo.",Avaliar o projeto elétrico e fotografias.,Projeto elétrico da garagem evidenciando a infraestrutura para carregamento dos veículos elétricos e evidências fotográficas.,[null],[null],[null],010,c92d39ff
56,PROJETO SUSTENTÁVEL,"Esta categoria visa estimular a adoção de projetos mais sustentáveis às edificações, sendo composta por 12 requisitos",REQUISITO 50,"Na sua residência/empresa, utiliza-se de bloqueador remoto geral antivazamento de água?",Bloqueador remoto geral antivazamento de água.,"Verificar a existência do bloqueador no projeto, declaração do construtor atestando a instalação do mesmo de acordo com o projeto.",Projeto hidráulico e declaração do construtor ou responsável técnico da execução do serviço.,[null],[null],[null],002,c92d39ff
57,PROJETO SUSTENTÁVEL,"Esta categoria visa estimular a adoção de projetos mais sustentáveis às edificações, sendo composta por 12 requisitos",REQUISITO 51,"Na sua residência/empresa, utiliza-se de bloqueador remoto geral antivazamento de gás?",Bloqueador remoto geral antivazamento de gás.,"Verificar a existência do bloqueador no projeto, declaração do construtor atestando a instalação do mesmo de acordo com o projeto.",Projeto de instalação de gás e declaração do construtor ou responsável técnico da execução do serviço.,[null],[null],[null],002,c92d39ff
58,PROJETO SUSTENTÁVEL,"Esta categoria visa estimular a adoção de projetos mais sustentáveis às edificações, sendo composta por 12 requisitos",REQUISITO 52,"Na sua residência/empresa, utilizou-se de sistema drywall ou painéis pré-fabricados em no mínimo 50% das paredes internas?","Utilização de sistema drywall ou painéis pré-fabricados em no mínimo 50% das paredes internas das unidades, com comprovação de projeto e execução.","Avaliar o projeto específico para o drywall ou painéis pré- fabricados, evidenciando a área total das paredes internas e área que utilizará o sistema drywall.","Projeto específico para drywall ou painéis préfabricados e quadro demonstrativo de áreas e declaração do construtor ou instalador, atestando ter executado de acordo com projeto.",[null],[null],[null],003,c92d39ff
59,QUALIDADE URBANA,"Esta categoria visa a melhoria do bem-estar coletivo, através do estímulo à adoção de atributos nas edificações que contribuam com a qualidade do ambiente construído urbano, sendo composta por 9 requisitos.",REQUISITO 53,"A sua residência/empresa, oferece visibilidade da edificação para rua?","Oferecer visibilidade da edificação para rua, promovendo o fechamento, se necessário, através de gradil vazado nos seus limites com a(s) rua(s), permitindo visão da(s) rua(s) para o interior da edificação e viceversa, contribuindo com a segurança nas vias públicas e acústica urbana. Esta transparência deve atender no mínimo 80% do perímetro do lote que faz divisa com a(s) rua(s). Este requisito só pontua em áreas onde a transparência não seja objeto de obrigatoriedade prevista nas disposições das leis municipais.","Avaliar a planta de situação da edificação, a legislação pertinente para esta área e o detalhe do gradil. Verificar o perímetro do limite da edificação com a(s) rua(s) e o percentual adotado para instalar os gradis vazados e evidências fotográficas.","Planta de situação evidenciando o perímetro total do limite da edificação com a(s) rua(s) e o trecho adotado para o gradil vazado e detalhe do gradil. Ao final da construção, evidências fotográficas do gradil instalado.",[null],[null],[null],010,975713ff
60,QUALIDADE URBANA,"Esta categoria visa a melhoria do bem-estar coletivo, através do estímulo à adoção de atributos nas edificações que contribuam com a qualidade do ambiente construído urbano, sendo composta por 9 requisitos.",REQUISITO 54,"Na sua residência/empresa, existem fachadas ativas permitindo a interação entre espaço privado e a calçada, incentivando o trânsito de pedestres na região e o comércio local?","Implantação de fachadas ativas permitindo a interação entre espaço privado e a calçada, incentivando o trânsito de pedestres na região e o comércio local. Este requisito só pontua em áreas onde a fachada ativa não seja objeto de obrigatoriedade prevista nas disposições das leis municipais.","Avaliar a existência de fachada ativa, que equivale à ocupação da fachada localizada no alinhamento de passeios/calçadas com uso de serviços e/ou comércio para o público. O acesso deve ser aberto à população na via pública, possibilitando o uso mais dinâmico dos passeios com atividades instaladas nos térreos das edificações, incentivando a vida urbana.","Projeto arquitetônico evidenciando a área e o acesso público para os serviços em geral. Ao final da construção, evidências fotográficas dos serviços instalados e seus acessos.",[null],[null],[null],015,975713ff
61,QUALIDADE URBANA,"Esta categoria visa a melhoria do bem-estar coletivo, através do estímulo à adoção de atributos nas edificações que contribuam com a qualidade do ambiente construído urbano, sendo composta por 9 requisitos.",REQUISITO 55,"Na sua residência/empresa, existem passeios fronteiriços a edificação totalizando no mínimo 3m para lotes com testada até 20m, voltadas para a via principal?","Aumento de 100% de largura dos passeios fronteiriços a edificação totalizando no mínimo 3m para lotes com testada até 20m, voltadas para a via principal, e, 5m para os demais casos, desde que não sejam objeto de obrigatoriedade prevista nas disposições das Lei Municipais. Esta área de convivência não será utilizada como estacionamento ou parada eventual de veículos.",Avaliar a planta de situação e fotografias evidenciando o alargamento e código urbanístico.,"Planta de situação evidenciando o alargamento. Ao final da construção, evidências fotográficas do alargamento executado.",[null],[null],[null],006,975713ff
62,QUALIDADE URBANA,"Esta categoria visa a melhoria do bem-estar coletivo, através do estímulo à adoção de atributos nas edificações que contribuam com a qualidade do ambiente construído urbano, sendo composta por 9 requisitos.",REQUISITO 55A,"Na sua residência/empresa, existe recuo dos muros limítrofes (testada e/ou laterais), permitindo a criação de espaço de convivência pública, ambientado com mobiliário urbano, em no mínimo 10% da área do terreno, desde que não seja objeto de obrigatoriedade prevista nas disposições das Leis Municipais?","Recuo dos muros limítrofes (testada e/ou laterais), permitindo a criação de espaço de convivência pública, ambientado com mobiliário urbano, em no mínimo 10% da área do terreno, desde que não seja objeto de obrigatoriedade prevista nas disposições das Leis Municipais. Esta área de convivência não será utilizada como estacionamento ou parada eventual de veículos.","Avaliar a planta de situação evidenciando o(s) recuo(s) e criação do espaço de convivência pública e código urbanístico. Avaliar o projeto de ambientação deste espaço, o percentual dedicado a esta finalidade e evidências fotográficas.","Planta de situação evidenciando o(s) recuo(s) e a área destinada ao espaço público, projeto de ambientação deste espaço com indicação de mobiliário e outras facilidades existentes. Ao final da construção, evidências fotográficas.",[null],[null],[null],005,975713ff
63,QUALIDADE URBANA,"Esta categoria visa a melhoria do bem-estar coletivo, através do estímulo à adoção de atributos nas edificações que contribuam com a qualidade do ambiente construído urbano, sendo composta por 9 requisitos.",REQUISITO 56,"Na sua residência/empresa, utiliza-se de pavimentação permeável em pelo menos em 60% da área de passeio?","Utilização de pavimentação permeável em pelo menos em 60% da área de passeio, atendidos os critérios discriminados na Lei 8140/11. O piso permeável a ser utilizado deverá ter percentual de permeabilidade mínima de 80%, comprovado através de especificação técnica do piso utilizado, fornecida pelo fabricante.","Avaliar o projeto, especificação da pavimentação disponibilizada pelo fabricante, códigos urbanísticos, evidências fotográficas.",Projeto específico e especificação disponibilizada pelo fornecedor quanto à permeabilidade do piso escolhido e evidências fotográficas do passeio finalizado.,[null],[null],[null],006,975713ff
64,QUALIDADE URBANA,"Esta categoria visa a melhoria do bem-estar coletivo, através do estímulo à adoção de atributos nas edificações que contribuam com a qualidade do ambiente construído urbano, sendo composta por 9 requisitos.",REQUISITO 57,"Na sua residência/empresa, existem valas de infiltração que permitam o retardo do escoamento de águas pluviais?",Retardo da infiltração de águas pluviais e realimentação do lençol freático: Construção de valas de infiltração que permitam o retardo do escoamento de águas pluviais. Deverá ser apresentado projeto específico.,Avaliar o projeto e evidências fotográficas.,"Projeto específico no protocolamento, evidências fotográficas da execução das valas de infiltração e das trincheiras concluídas, se aparentes, como jardins de chuva.",[null],[null],[null],006,975713ff
65,QUALIDADE URBANA,"Esta categoria visa a melhoria do bem-estar coletivo, através do estímulo à adoção de atributos nas edificações que contribuam com a qualidade do ambiente construído urbano, sendo composta por 9 requisitos.",REQUISITO 58,"Na sua residência/empresa, existem áreas permeáveis além do exigido por lei?",Ampliação de áreas permeáveis além do exigido por lei: Acréscimo de 10% sobre a área permeável mínima exigida para o terreno.,Avaliar o projeto apresentado e os índices urbanísticos.,Projeto evidenciando a área permeável e declaração do construtor ou responsável técnico pela execução do serviço.,[null],[null],[null],006,975713ff
66,QUALIDADE URBANA,"Esta categoria visa a melhoria do bem-estar coletivo, através do estímulo à adoção de atributos nas edificações que contribuam com a qualidade do ambiente construído urbano, sendo composta por 9 requisitos.",REQUISITO 59,"Na sua residência/empresa, existem bicicletários?","Prever bicicletários, observando para as vagas, o percentual mínimo de 30% do número mínimo exigido em lei municipal para vagas de automóveis. Quando não houver obrigatoriedade de vagas, será utilizado para cálculo o percentual de 10% sobre as vagas de automóveis que são disponibilizadas. Deverá também oferecer vestiário nos prédios comerciais, industriais e institucionais, para a utilização dos ciclistas. Em edificações, onde seja permitido a não previsão de vagas para veículo, prever, no mínimo, 1 vaga para bicicleta por cada 5 unidades.","Avaliar o projeto do bicicletário, vestiário (se houver) e memória de cálculos mostrando número de vagas totais de veículos e número reservado para bicicletas, evidenciando a proporção. Fotografias do bicicletário, seus suportes específicos para bicicletas e vestiário (se houver).","Planta de garagem/estacionamento e, se ocorrer, da área reservada a vestiários, além de memorial de cálculo de vagas de automóveis e bicicletas. Ao final da construção, evidências fotográficas do espaço e suportes das bicicletas.",[null],[null],[null],008,975713ff
67,QUALIDADE URBANA,"Esta categoria visa a melhoria do bem-estar coletivo, através do estímulo à adoção de atributos nas edificações que contribuam com a qualidade do ambiente construído urbano, sendo composta por 9 requisitos.",REQUISITO 60,"Na sua residência/empresa, existe a previsão de vaga para carro requisitado por aplicativo, ou uso de veículos em delivery?","Previsão de vaga para carro requisitado por aplicativo, ou uso de veículos em delivery. No mínimo uma vaga para cada, no máximo, 100 unidades privativas. Este espaço também se destina a parada eventual de veículos de transporte escolar.","Avaliar o projeto da(s) vaga(s) disponibilizada para aplicativo ou delivery e memória de cálculo mostrando número de vagas x número de unidades privativas na edificação, evidenciando a proporção. Avaliar fotografias.","Planta da área da(s) vaga(s), memorial de cálculo mostrando número de vagas x número de unidades privativas na edificação, demonstrando a proporção e evidências fotográficas das vagas ao final da construção.",[null],[null],[null],002,975713ff
68,QUALIDADE URBANA,"Esta categoria visa a melhoria do bem-estar coletivo, através do estímulo à adoção de atributos nas edificações que contribuam com a qualidade do ambiente construído urbano, sendo composta por 9 requisitos.",REQUISITO 61,"Na sua residência/empresa, é realizada compensação de 60% das emissões de gases de efeito estufa - GEE?","Compensação de 60% das emissões de gases de efeito estufa - GEE, com base em inventário para compensação/neutralização de emissão de GEE. O inventário deve refletir adequadamente as emissões da construção, através de metodologia consistente.","Avaliar o inventário apresentado pela Construtora, elaborado através de metodologia consistente, por exemplo, poderá ser usada a plataforma CECarbon, desenvolvida pelo Sinduscon-SP, que é online e auxilia na mensuração do consumo energético e das emissões de GEE, dentro de uma perspectiva de ciclo de vida na etapa da construção da edificação. Avaliar a certificação da compensação de emissões que ofereça índice de no mínimo 60% das emissões de GEE calculadas na fase construtiva.",Inventário emitido através de metodologia consistente e Certificado RCE (Reduções Certificadas de Emissões).,[null],[null],[null],010,975713ff
69,VERDE URBANO,"Esta categoria visa estimular a inserção de áreas verdes nas edificações influenciando positivamente a qualidade ambiental da cidade e a vida dos habitantes, sendo composta por 5 requisitos.",REQUISITO 62,"Na sua residência/empresa, são mantidas árvores existentes em terrenos onde serão construídas novas edificações?","Manter árvores existentes em terrenos onde serão construídas novas edificações. Serão consideradas para pontuação árvores a partir de 2m de fuste e 20cm de DAP (Medida do diâmetro da árvore a 1,30m de altura em relação ao nível do solo). Será considerada a pontuação por árvore - 1 ponto. (Poderão ser computados até o máximo de 8 pontos, considerandose, portanto, 8 árvores).",Verificar o levantamento planialtimétrico com a indicação das árvores existentes e a planta de situação com a indicação das árvores mantidas e as suprimidas. Verificar a declaração do construtor sobre medidas do fuste e DAP. Fotografias do terreno evidenciando as árvores antes do início da construção e ao final das obras.,"Levantamento planial timétrico, planta de situação com indicação das árvores (com medidas de fuste e DAP) que serão mantidas e as que serão suprimidas, fotografias do terreno evidenciando as árvores antes do início da construção e ao final das obras, declaração do construtor com medidas de fuste e DAP.",[null],[null],[null],008,fcc438ff
70,VERDE URBANO,"Esta categoria visa estimular a inserção de áreas verdes nas edificações influenciando positivamente a qualidade ambiental da cidade e a vida dos habitantes, sendo composta por 5 requisitos.",REQUISITO 63,"Na sua residência/empresa, área verde em áreas comuns descobertas com uso especifico para lazer, estar?","Implantação de área verde em áreas comuns descobertas, desde que este espaço tenha uso para lazer, estar. O espaço destinado a esta área verde deverá totalizar no mínimo 20% da área de lazer descoberta da edificação. Esta cobertura vegetal precisa ser projetada, com tipo de substrato que permita o crescimento de espécies vegetais, se estiver sobre laje. Deverá ser entregue com o plantio e ambientação executados, incluindo espécies arbóreas. Deverá incluir acesso, rega e drenagem facilitados.","Avaliar as plantas baixas de áreas comuns e quadro resumo das áreas comuns descobertas, verificando se é oferecido, em pelo menos 20% desta área a implantação de área verde, com ambientação para estar e/ou lazer. Avaliar também, nas pranchas de cortes se este espaço verde tem substrato suficiente para espécies vegetais, inclusive arbóreas. Avaliar no projeto paisagístico a ambientação e tipo das espécies vegetais especificadas, assim como o mobiliário e/ou destino deste espaço.Analisar o quadro demonstrativo do percentual de área verde. Avaliar o acesso, rega e drenagem facilitados.","Planta baixa das áreas comuns e respectivas pranchas de cortes, evidenciando altura do substrato, acessos, rega e drenagem. Quadro resumo de áreas evidenciando o percentual projetado para área verde. Projeto paisagístico dos espaços, evidenciando as espécies vegetais especificadas e raio de copa. Projeto de ambientação dos espaços evidenciando o tipo de utilização planejada. Evidências fotográficas. Detalhamento de acesso, rega e drenagem.",[null],[null],[null],005,fcc438ff
71,VERDE URBANO,"Esta categoria visa estimular a inserção de áreas verdes nas edificações influenciando positivamente a qualidade ambiental da cidade e a vida dos habitantes, sendo composta por 5 requisitos.",REQUISITO 64,"Na sua residência/empresa, foi implantado um ""telhado verde""?","Telhado verde: implantado no topo da edificação, esta área de telhado verde será projetada em 50% do teto da edificação, de forma contígua, excluindo-se do cômputo da área as caixas de escadas, reservatórios, helipontos, e área para alocação de equipamentos. Esta cobertura precisa ser projetada, com substrato suficiente para permitir o crescimento de espécies vegetais e se destinar a áreas de convivência. Deve ser entregue com o plantio e ambientação executados.","Avaliar o projeto (incluindo cortes que evidenciam a altura do substrato se suficiente para permitir o crescimento de espécies vegetais) e fotografias que comprovem o cumprimento do requisito. Avaliar o projeto paisagístico e de ambientação da área para convivência, o quadro demonstrativo do percentual de área dedicada ao telhado verde e o acesso para manutenção, rega e drenagem facilitadas.","Planta baixa da cobertura e respectivas pranchas de cortes, evidenciando altura do substrato. Quadro resumo de áreas evidenciando o percentual projetado para telhado verde. Projeto paisagístico do telhado verde, evidenciando as espécies vegetais especificadas com raio de copa. Projeto de ambientação dos espaços evidenciando o tipo de utilização planejada. Evidências fotográficas. Detalhamento de acesso, rega e drenagem.",[null],[null],[null],012,fcc438ff
72,VERDE URBANO,"Esta categoria visa estimular a inserção de áreas verdes nas edificações influenciando positivamente a qualidade ambiental da cidade e a vida dos habitantes, sendo composta por 5 requisitos.",REQUISITO 65,"Na sua residência/empresa, existem jardineiras em apartamentos, com fácil acesso para manutenção e pontos de água para rega, em pelo menos, uma das janelas ou sacadas do apartamento?","Jardineiras em apartamentos, com fácil acesso para manutenção e pontos de água para rega, em pelo menos, uma das janelas ou sacadas do apartamento. As jardineiras devem ter no mínimo comprimento de 1,2m. O plantio poderá ser feito em vaso removível. Deverá ser entregue ao morador com o plantio efetuado e mantido. A área não poderá ser usada para equipamentos.",Avaliar o projeto (incluindo cortes que evidenciam altura do substrato ser suficiente para permitir o crescimento de espécies vegetais) e fotografias que comprovem o cumprimento do requisito. Avaliar o projeto paisagístico e previsão de ponto de água e drenagem facilitados.,"Planta baixa e fachada. Projeto paisagístico das jardineiras, evidenciando as espécies vegetais especificadas e forma de plantio, detalhamento do ponto de água e drenagem facilitados e evidências fotográficas.",[null],[null],[null],004,fcc438ff
73,VERDE URBANO,"Esta categoria visa estimular a inserção de áreas verdes nas edificações influenciando positivamente a qualidade ambiental da cidade e a vida dos habitantes, sendo composta por 5 requisitos.",REQUISITO 66,"Na sua residência/empresa, foi realizado plantio de espécies vegetais nativas?","Plantio de espécies vegetais nativas: Uso de espécies vegetais nativas para sombreamento do passeio com espaçamento mínimo de 6m ou definido em função da copa, observando ainda as demais disposições do Plano Diretor de Arborização Urbano.",Avaliar o projeto e fotografias.,"Planta baixa indicando os pontos de alocação das espécies com projeção de raio da copa, memorial descritivo das espécies e evidências fotográficas.",[null],[null],[null],004,fcc438ff
74,CONTRIBUIÇÕES PARA ADAPTAÇÃO BASEADA EM ECOSSISTEMAS (ABE),"Esta categoria visa estimular a inserção de medidas de adaptação baseadas em ecossistemas, influenciando positivamente a adaptação da cidade às mudanças climáticas, sendo composta por 3 requisitos.",REQUISITO 67,"Na sua residência/empresa, existem hortas comunitárias?","Hortas comunitárias instaladas em condomínios com produtos destinados ao uso dos moradores da edificação ou para doações a entidades filantrópicas/organizações sociais/cooperativas através de parcerias firmadas. Executadas em cobertura verde extensiva, para a produção de alimentos como hortaliças e frutas. Quando executada sobre laje, seja de cobertura ou em outro nível, esta cobertura precisa ser projetada, com altura de solo que permita crescimento destas espécies vegetais. Deverá ser entregue com o plantio executado, acessível para uso e manutenção facilitada. Observar o disposto no Guia para a implantação e gestão de hortas urbanas e escolares. A área mínima destinada à horta deve ser de 40 m².","Avaliar o projeto da horta comunitária, incluindo detalhes de acesso, espécies vegetais, área e facilidades para rega e drenagem. Avaliar nas pranchas de cortes se existe substrato suficiente para as espécies vegetais, especificadas, quando executada sobre laje. Avaliar evidência fotográfica do plantio executado e termo de acordo para compartilhamento dos produtos da horta.","Planta baixa da horta com acessos, espécies vegetais, facilidades para rega e drenagem. Pranchas de cortes, evidenciando altura do substrato. Evidências fotográficas da horta, com plantio executado. Detalhamento de acesso, rega e drenagem. Termo de acordo com entidade filantrópica beneficiária dos produtos da horta.",[null],[null],[null],010,ef8d22ff
75,CONTRIBUIÇÕES PARA ADAPTAÇÃO BASEADA EM ECOSSISTEMAS (ABE),"Esta categoria visa estimular a inserção de medidas de adaptação baseadas em ecossistemas, influenciando positivamente a adaptação da cidade às mudanças climáticas, sendo composta por 3 requisitos.",REQUISITO 68,"Na sua residência/empresa, existem biovaletas e/ou jardins de chuva com vegetação com objetivo de captar, transportar e armazenar provisoriamente as águas pluviais até que elas se infiltrem no solo?","Implementação de biovaletas e/ou jardins de chuva com vegetação com objetivo de captar, transportar e armazenar provisoriamente as águas pluviais até que elas se infiltrem no solo.",Avaliar projeto específico no protocolamento e evidências fotográficas da execução das biovaletas e/ou jardins de chuva ao final da construção.,Projeto específico. Evidências fotográficas.,[null],[null],[null],008,ef8d22ff
76,CONTRIBUIÇÕES PARA ADAPTAÇÃO BASEADA EM ECOSSISTEMAS (ABE),"Esta categoria visa estimular a inserção de medidas de adaptação baseadas em ecossistemas, influenciando positivamente a adaptação da cidade às mudanças climáticas, sendo composta por 3 requisitos.",REQUISITO 69,"Na sua residência/empresa, existe implantação ou preservação de áreas verdes para formação de bosques/micro bosques em área condominial que possibilite também o acesso público?","Implantação ou preservação de áreas verdes para formação de bosques/micro bosques em área condominial que possibilite também o acesso público. O bosque/micro bosque deverá oferecer alta densidade de árvores, arbustos e plantas, conservando o solo, podendo contribuir com a biodiversidade. A área destinada a implantação do Bosque/micro bosque deve ter no mínimo 80m².","Avaliar o projeto do bosque/micro bosque, incluindo detalhes de acesso público, espécies vegetais e áreas.","Planta baixa do bosque/micro bosque com indicação das espécies vegetais e acesso público e evidências fotográficas do bosque/micro bosque, com plantio executado.",[null],[null],[null],008,ef8d22ff
77,GESTÃO DE RESÍDUOS,"Esta categoria visa estimular a adoção de práticas mais sustentáveis na gestão de resíduos das edificações, sendo composta por 7 requisitos.",REQUISITO 70,"Na sua residência/empresa, existe algum espaço ventilado e de fácil acesso com revestimento em material lavável e ponto de água?",Espaço ventilado e de fácil acesso com revestimento em material lavável e ponto de água.,"Análise do projeto, Plano de Gerenciamento de Resíduos Sólidos Simplificado e fotografia.",Projeto da central de resíduos e PGRS Simplificado com ART e fotografia da central de resíduos.,[null],[null],[null],002,5e5e5eff
78,GESTÃO DE RESÍDUOS,"Esta categoria visa estimular a adoção de práticas mais sustentáveis na gestão de resíduos das edificações, sendo composta por 7 requisitos.",REQUISITO 71,"Na sua residência/empresa, utiliza-se de resfriamento de casa de lixo?",Resfriamento de casa de lixo.,Análise do projeto e fotografia.,Projeto técnico com ART e evidência fotográfica.,[null],[null],[null],002,5e5e5eff
79,GESTÃO DE RESÍDUOS,"Esta categoria visa estimular a adoção de práticas mais sustentáveis na gestão de resíduos das edificações, sendo composta por 7 requisitos.",REQUISITO 72,"Na sua residência/empresa, utiliza-se de trituradores de papel e papelão?",Trituradores de papel e papelão.,Avaliar as notas de compra e especificações dos aparelhos e fotografias.,"Notas nominais comprovando a compra dos aparelhos, especificações e evidências fotográficas, comprovando a sua instalação.",[null],[null],[null],002,5e5e5eff
80,GESTÃO DE RESÍDUOS,"Esta categoria visa estimular a adoção de práticas mais sustentáveis na gestão de resíduos das edificações, sendo composta por 7 requisitos.",REQUISITO 73,"Na sua residência/empresa, utiliza-se de compactador de lixo?",Compactador de lixo.,Avaliar as notas de compra e especificação do aparelho e fotografias.,"Notas nominais comprovando a compra do aparelho, especificação e evidências fotográficas comprovando a sua instalação.",[null],[null],[null],002,5e5e5eff
81,GESTÃO DE RESÍDUOS,"Esta categoria visa estimular a adoção de práticas mais sustentáveis na gestão de resíduos das edificações, sendo composta por 7 requisitos.",REQUISITO 74,"Na sua residência/empresa, utiliza-se de trituradores de pia de cozinha em 90% dos pontos?",Trituradores de pia de cozinha em 90% dos pontos.,"Avaliar o projeto de instalação dos trituradores, quantitativo e notas de compra dos aparelhos e fotografias.",Projeto de instalação dos trituradores e notas nominais comprovando a compra dos aparelhos e evidências fotográficas comprovando a sua instalação.,[null],[null],[null],004,5e5e5eff
82,GESTÃO DE RESÍDUOS,"Esta categoria visa estimular a adoção de práticas mais sustentáveis na gestão de resíduos das edificações, sendo composta por 7 requisitos.",REQUISITO 75,"A sua residência/empresa, possui parcerias com cooperativas cadastradas no Município ou contrato com empresas autorizadas para coleta e destinação apropriada para reciclagem dos resíduos?",Parcerias com cooperativas cadastradas no Município ou contrato com empresas autorizadas para coleta e destinação apropriada para reciclagem dos resíduos.,Avaliar os termos de cooperação ou contrato.,Termos de cooperação ou contrato.,[null],[null],[null],004,5e5e5eff
83,GESTÃO DE RESÍDUOS,"Esta categoria visa estimular a adoção de práticas mais sustentáveis na gestão de resíduos das edificações, sendo composta por 7 requisitos.",REQUISITO 76,"A sua residência/empresa, possui área para compostagem com estrutura montada e com equipamentos já implantados para uso?",Área para compostagem com estrutura montada e com equipamentos já implantados para uso.,Avaliar o projeto da área e fotografias.,Projeto da área de compostagem e evidências fotográficas.,[null],[null],[null],004,5e5e5eff
84,BONIFICAÇÕES,"Esta categoria visa incentivar a eficiência e a sustentabilidade da edificação pontuando selos e estipulando bônus em situações especiais (retrofit verde e microempresas), sendo composta por 6 requisitos.",REQUISITO 77,"A sua residência/empresa, possui projetos de reformas de construções existentes, que utilizaram a prática de Retrofit Verde e que buscaram a Certificação IPTU Verde?","Os projetos de reformas de construções existentes, que utilizarem a prática de Retrofit Verde e que buscarem a Certificação IPTU Verde.",Avaliar se o prédio já tem no mínimo 5 anos de Habite-se. Avaliar o (s) projeto(s) e fotografias.,"Projetos da intervenção, cópia do Habite- se da edificação (se existir) ou comprovante de que o prédio tem mais de 5 anos de ocupação e evidências fotográficas.",[null],[null],[null],025,4b5ac2ff
85,BONIFICAÇÕES,"Esta categoria visa incentivar a eficiência e a sustentabilidade da edificação pontuando selos e estipulando bônus em situações especiais (retrofit verde e microempresas), sendo composta por 6 requisitos.",REQUISITO 78,"A sua residência/empresa, possui projetos que apresentaram, no requerimento de obtenção da certificação, os seguintes selos: PROCEL-ENCE geral da edificação construída nível A de acordo com RTQ-C E RTQR; LEED BD+C PLATINA, OURO ou PRATA; LEED FOR SCHOOLS; LEED O+M; EDGE AVANÇADO, AQUA-HQE de execução; GBC Brasil Casa Níveis Platina, Ouro ou Prata; GBC Brasil Condomínio Níveis Platina, Ouro ou Prata, Casa Azul + categoria Diamante ou categoria Ouro?","Projetos que apresentarem, no requerimento de obtenção da certificação, os seguintes selos: PROCEL-ENCE geral da edificação construída nível A de acordo com RTQ-C E RTQR; LEED BD+C PLATINA, OURO ou PRATA; LEED FOR SCHOOLS; LEED O+M; EDGE AVANÇADO, AQUA-HQE de execução; GBC Brasil Casa Níveis Platina, Ouro ou Prata; GBC Brasil Condomínio Níveis Platina, Ouro ou Prata, Casa Azul + categoria Diamante ou categoria Ouro.","Na pré-certificação, avaliar o instrumento contratual entre o construtor e a entidade certificadora. Para a certificação final avaliar a documentação do selo obtido. Não sendo apresentado, serão realizados os pagamentos pertinentes pelo não cumprimento do compromisso.","Na précertificação: instrumento contratual entre o construtor e a entidade certificadora, atestando o andamento do processo de certificação na modalidade declarada. Ao final da construção, documento comprobatório do selo obtido pela edificação de acordo com o requisito.",[null],[null],[null],100,4b5ac2ff
86,BONIFICAÇÕES,"Esta categoria visa incentivar a eficiência e a sustentabilidade da edificação pontuando selos e estipulando bônus em situações especiais (retrofit verde e microempresas), sendo composta por 6 requisitos.",REQUISITO 79,"A sua residência/empresa, possui projetos que apresentaram, no requerimento de obtenção da certificação, os seguintes selos: ENCE PROCEL geral da edificação construída nível B de acordo com RTQ-C E RTQR; LEED BD+C CERTIFICADO; GBC Brasil Casa Certificado; GBC Brasil Condomínio Certificado; EDGE; SELO CASA AZUL/CAIXA + - Certificação Prata?","Projetos que apresentarem, no requerimento de obtenção da certificação, os seguintes selos: ENCE PROCEL geral da edificação construída nível B de acordo com RTQ-C E RTQR; LEED BD+C CERTIFICADO; GBC Brasil Casa Certificado; GBC Brasil Condomínio Certificado; EDGE; SELO CASA AZUL/CAIXA + - Certificação Prata.","Na pré-certificação, avaliar o instrumento contratual entre o construtor e a entidade certificadora. Para a certificação final avaliar a documentação do selo obtido. Não sendo apresentado, serão realizados os pagamentos pertinentes pelo não cumprimento do compromisso.","Na précertificação: instrumento contratual entre o construtor e a entidade certificadora, atestando o andamento do processo de certificação na modalidade declarada. Ao final da construção, documento comprobatório do selo obtido pela edificação de acordo com o requisito.",[null],[null],[null],070,4b5ac2ff
87,BONIFICAÇÕES,"Esta categoria visa incentivar a eficiência e a sustentabilidade da edificação pontuando selos e estipulando bônus em situações especiais (retrofit verde e microempresas), sendo composta por 6 requisitos.",REQUISITO 80,"A sua residência/empresa, possui projetos que apresentaram, no requerimento de obtenção da certificação, o selo: GBC Brasil Zero Energy; SELO CASA AZUL/CAIXA + - Certificação Bronze?","Projetos que apresentarem, no requerimento de obtenção da certificação, o selo: GBC Brasil Zero Energy; SELO CASA AZUL/CAIXA + - Certificação Bronze.","Na pré-certificação, avaliar o instrumento contratual entre o construtor e a entidade certificadora. Para a certificação final avaliar a documentação do selo obtido. Não sendo apresentado, serão realizados os pagamentos pertinentes pelo não cumprimento do compromisso.","Na précertificação: instrumento contratual entre o construtor e a entidade certificadora, atestando o andamento do processo de certificação na modalidade declarada. Ao final da construção, documento comprobatório do selo obtido pela edificação de acordo com o requisito.",[null],[null],[null],050,4b5ac2ff
88,BONIFICAÇÕES,"Esta categoria visa incentivar a eficiência e a sustentabilidade da edificação pontuando selos e estipulando bônus em situações especiais (retrofit verde e microempresas), sendo composta por 6 requisitos.",REQUISITO 81,"A sua residência/empresa, possui projetos que apresentaram, no requerimento de obtenção da certificação, o SELO FITWELL?","Projetos que apresentarem, no requerimento de obtenção da certificação, o SELO FITWELL.","Na pré-certificação, avaliar o instrumento contratual entre o construtor e a entidade certificadora. Para a certificação final avaliar a documentação do selo obtido. Não sendo apresentado, serão realizados os pagamentos pertinentes pelo não cumprimento do compromisso.","Na précertificação: instrumento contratual entre o construtor e a entidade certificadora, atestando o andamento do processo de certificação na modalidade declarada. Ao final da construção, documento comprobatório do selo obtido pela edificação de acordo com o requisito.",[null],[null],[null],030,4b5ac2ff